<?xml version='1.0' encoding='UTF-8'?>
<result plugin="junit@1.20">
  <suites>
    <suite>
      <file>/workspace/Extractor/generatedJUnitFiles/PHPUnit/TEST-56555549.xml</file>
      <name>extractor_FailingExtractor</name>
      <duration>1.310185</duration>
      <timestamp></timestamp>
      <time>1.310185</time>
      <cases>
        <case>
          <duration>1.310185</duration>
          <className>extractor\FailingExtractor</className>
          <testName>extract</testName>
          <skipped>false</skipped>
          <errorStackTrace>extractor\FailingExtractor::extract
Error: Call to undefined function extractor\imagecreatefromstring()

/workspace/Extractor/src/extractor/BaseExtractor.php:154
/workspace/Extractor/src/extractor/FailingExtractor.php:17
</errorStackTrace>
          <errorDetails></errorDetails>
          <failedSince>4</failedSince>
        </case>
      </cases>
    </suite>
  </suites>
  <duration>1.310185</duration>
  <keepLongStdio>true</keepLongStdio>
</result>