<?xml version='1.0' encoding='UTF-8'?>
<result plugin="junit@1.20">
  <suites>
    <suite>
      <file>/workspace/Extractor/generatedJUnitFiles/PHPUnit/TEST-56555549.xml</file>
      <name>extractor_PlainExtractor</name>
      <duration>10.514063</duration>
      <timestamp></timestamp>
      <time>10.514063</time>
      <cases>
        <case>
          <duration>10.514063</duration>
          <className>extractor\PlainExtractor</className>
          <testName>extract</testName>
          <skipped>false</skipped>
          <failedSince>0</failedSince>
        </case>
      </cases>
    </suite>
  </suites>
  <duration>10.514063</duration>
  <keepLongStdio>true</keepLongStdio>
</result>