<?xml version='1.0' encoding='UTF-8'?>
<result plugin="junit@1.20">
  <suites>
    <suite>
      <file>/workspace/Extractor/generatedJUnitFiles/PHPUnit/TEST-56555549.xml</file>
      <name>extractor_HtmlSourceExtractor</name>
      <duration>3.898448</duration>
      <timestamp></timestamp>
      <time>3.898448</time>
      <cases>
        <case>
          <duration>3.898448</duration>
          <className>extractor\HtmlSourceExtractor</className>
          <testName>extract</testName>
          <skipped>false</skipped>
          <failedSince>0</failedSince>
        </case>
      </cases>
    </suite>
    <suite>
      <file>/workspace/Extractor/generatedJUnitFiles/PHPUnit/TEST-56555549.xml</file>
      <name>extractor_JsExtractor</name>
      <duration>1.712823</duration>
      <timestamp></timestamp>
      <time>1.712823</time>
      <cases>
        <case>
          <duration>1.712823</duration>
          <className>extractor\JsExtractor</className>
          <testName>extract</testName>
          <skipped>false</skipped>
          <failedSince>0</failedSince>
        </case>
      </cases>
    </suite>
  </suites>
  <duration>5.611271</duration>
  <keepLongStdio>true</keepLongStdio>
</result>