<?xml version='1.0' encoding='UTF-8'?>
<result plugin="junit@1.20">
  <suites>
    <suite>
      <file>/workspace/Extractor/generatedJUnitFiles/PHPUnit/TEST-56555549.xml</file>
      <name>extractor_FailingExtractor</name>
      <duration>1.558356</duration>
      <timestamp></timestamp>
      <time>1.558356</time>
      <cases>
        <case>
          <duration>1.558356</duration>
          <className>extractor\FailingExtractor</className>
          <testName>extract</testName>
          <skipped>false</skipped>
          <errorStackTrace>extractor\FailingExtractor::extract
Facebook\WebDriver\Exception\NoSuchElementException: no such element: Unable to locate element: {&quot;method&quot;:&quot;css selector&quot;,&quot;selector&quot;:&quot;#exampel&quot;}
  (Session info: chrome=56.0.2924.87)
  (Driver info: chromedriver=2.27.440175 (9bc1d90b8bfa4dd181fbbf769a5eb5e575574320),platform=Linux 4.8.0-37-generic x86_64) (WARNING: The server did not provide any stacktrace information)
Command duration or timeout: 59 milliseconds
For documentation on this error, please visit: http://seleniumhq.org/exceptions/no_such_element.html
Build info: version: &apos;3.0.1&apos;, revision: &apos;1969d75&apos;, time: &apos;2016-10-18 09:48:19 -0700&apos;
System info: host: &apos;c07e241c377a&apos;, ip: &apos;172.20.0.3&apos;, os.name: &apos;Linux&apos;, os.arch: &apos;amd64&apos;, os.version: &apos;4.8.0-37-generic&apos;, java.version: &apos;1.8.0_121&apos;
Driver info: org.openqa.selenium.chrome.ChromeDriver
Capabilities [{applicationCacheEnabled=false, rotatable=false, mobileEmulationEnabled=false, networkConnectionEnabled=false, chrome={chromedriverVersion=2.27.440175 (9bc1d90b8bfa4dd181fbbf769a5eb5e575574320), userDataDir=/tmp/.org.chromium.Chromium.6FAC9J}, takesHeapSnapshot=true, pageLoadStrategy=normal, databaseEnabled=false, handlesAlerts=true, hasTouchScreen=false, version=56.0.2924.87, platform=LINUX, browserConnectionEnabled=false, nativeEvents=true, acceptSslCerts=true, locationContextEnabled=true, webStorageEnabled=true, browserName=chrome, takesScreenshot=true, javascriptEnabled=true, cssSelectorsEnabled=true, unexpectedAlertBehaviour=}]
Session ID: 7982570409ee486f626f544b6228990e
*** Element info: {Using=css selector, value=#exampel}

/workspace/Extractor/vendor/facebook/webdriver/lib/Exception/WebDriverException.php:102
/workspace/Extractor/vendor/facebook/webdriver/lib/Remote/HttpCommandExecutor.php:321
/workspace/Extractor/vendor/facebook/webdriver/lib/Remote/RemoteWebDriver.php:597
/workspace/Extractor/vendor/facebook/webdriver/lib/Remote/RemoteWebDriver.php:189
/workspace/Extractor/src/extractor/FailingExtractor.php:18
</errorStackTrace>
          <errorDetails></errorDetails>
          <failedSince>4</failedSince>
        </case>
      </cases>
    </suite>
  </suites>
  <duration>1.558356</duration>
  <keepLongStdio>true</keepLongStdio>
</result>