<?xml version='1.0' encoding='UTF-8'?>
<result plugin="junit@1.20">
  <suites>
    <suite>
      <file>/workspace/Extractor/generatedJUnitFiles/PHPUnit/TEST-56555549.xml</file>
      <name>extractor_HtmlSourceExtractor</name>
      <duration>2.180582</duration>
      <timestamp></timestamp>
      <time>2.180582</time>
      <cases>
        <case>
          <duration>2.180582</duration>
          <className>extractor\HtmlSourceExtractor</className>
          <testName>extract</testName>
          <skipped>false</skipped>
          <failedSince>0</failedSince>
        </case>
      </cases>
    </suite>
    <suite>
      <file>/workspace/Extractor/generatedJUnitFiles/PHPUnit/TEST-56555549.xml</file>
      <name>extractor_JsExtractor</name>
      <duration>0.794398</duration>
      <timestamp></timestamp>
      <time>0.794398</time>
      <cases>
        <case>
          <duration>0.794398</duration>
          <className>extractor\JsExtractor</className>
          <testName>extract</testName>
          <skipped>false</skipped>
          <failedSince>0</failedSince>
        </case>
      </cases>
    </suite>
    <suite>
      <file>/workspace/Extractor/generatedJUnitFiles/PHPUnit/TEST-56555549.xml</file>
      <name>extractor_PlainExtractor</name>
      <duration>17.543268</duration>
      <timestamp></timestamp>
      <time>17.543268</time>
      <cases>
        <case>
          <duration>17.543268</duration>
          <className>extractor\PlainExtractor</className>
          <testName>extract</testName>
          <skipped>false</skipped>
          <failedSince>0</failedSince>
        </case>
      </cases>
    </suite>
  </suites>
  <duration>20.518248</duration>
  <keepLongStdio>true</keepLongStdio>
</result>